{
    "name": "All Requests",
    "numberOfRequests": {
        "total": 18247,
        "ok": 16482,
        "ko": 1765
    },
    "minResponseTime": {
        "total": 477,
        "ok": 477,
        "ko": 10000
    },
    "maxResponseTime": {
        "total": 63413,
        "ok": 63413,
        "ko": 62914
    },
    "meanResponseTime": {
        "total": 14639,
        "ok": 14830,
        "ko": 12855
    },
    "standardDeviation": {
        "total": 15019,
        "ok": 15402,
        "ko": 10644
    },
    "percentiles1": {
        "total": 6629,
        "ok": 6169,
        "ko": 10124
    },
    "percentiles2": {
        "total": 21095,
        "ok": 24146,
        "ko": 10896
    },
    "percentiles3": {
        "total": 46583,
        "ok": 46619,
        "ko": 13316
    },
    "percentiles4": {
        "total": 57876,
        "ok": 56409,
        "ko": 61025
    },
    "group1": {
    "name": "t < 800 ms",
    "htmlName": "t < 800 ms",
    "count": 81,
    "percentage": 0.4439085877130487
},
    "group2": {
    "name": "800 ms <= t < 1200 ms",
    "htmlName": "t >= 800 ms <br> t < 1200 ms",
    "count": 108,
    "percentage": 0.5918781169507316
},
    "group3": {
    "name": "t >= 1200 ms",
    "htmlName": "t >= 1200 ms",
    "count": 16293,
    "percentage": 89.29139036553954
},
    "group4": {
    "name": "failed",
    "htmlName": "failed",
    "count": 1765,
    "percentage": 9.672822929796679
},
    "meanNumberOfRequestsPerSecond": {
        "total": 12.412925170068027,
        "ok": 11.212244897959184,
        "ko": 1.2006802721088434
    }
}